DoctorID,FirstName,LastName,Specialty,PhoneNumber,Email,Address
1,Jeffery,Reese,Pediatrics,6078954159,hawkinsrachel@yahoo.com,"7774 Shaw Loaf Suite 055
Gonzalezhaven, CA 06065"
2,Luis,Velasquez,Endocrinology,4525275037,oliviamcconnell@weber.com,"8919 Sergio Ridge Suite 800
Port Jamesmouth, KS 86431"
3,Denise,Baker,General Surgery,4886775626,davisjoshua@yahoo.com,"739 Burns Stream
Richardton, SC 67706"
4,Edward,Short,Oncology,9870822090,stevenwilliams@hotmail.com,"944 Jimenez Shores
Kimberlyport, OR 23040"
5,Michelle,Mcdonald,Neurology,9062673074,stricklandmichelle@hotmail.com,"96491 Joel Trace
New Shelbybury, MN 80863"
6,Michael,Ferrell,Anesthesiology,8827904935,ecaldwell@hotmail.com,"66735 Catherine Mount
Joelbury, NC 67626"
7,Sherri,Black,General Surgery,8516712097,benitezkelsey@miller.biz,"9328 Mark Springs
Levyberg, IL 86645"
8,Robert,White,Endocrinology,5903569198,paul67@jones.com,"38823 Joshua Prairie
West Kimberlyhaven, DE 91298"
9,Jacob,Nicholson,Cardiology,3256787907,jamieday@munoz-ferguson.com,"69695 Jessica Burgs
Levyview, AK 60823"
10,Diana,Davidson,Cardiology,0581296004,nicholscory@gmail.com,"16832 Nicole Neck Apt. 796
Bryanland, AL 62881"
11,Mary,Cook,Neurology,3769622045,dunlapstephanie@clark.com,"78367 Walsh Ranch Apt. 513
Port Katherinebury, NM 72375"
12,Katherine,Williams,Cardiology,1332456318,hensonjoshua@robinson-ponce.net,"829 Stevens Light
New Kellymouth, RI 47276"
13,Melanie,Barnes,Anesthesiology,9437827289,elizabethhines@smith.com,"24462 Amy Parkway
Jacksonview, UT 56724"
14,Courtney,Waters,Pediatrics,1906145055,michaelfernandez@hotmail.com,"39031 Roberta Islands
Christopherport, MS 39361"
15,Jessica,Perez,Radiology,6836641253,davidthompson@johnson.com,"7440 Lee Landing
Davidmouth, DC 58134"
16,Bethany,Olson,Oncology,5865039768,rangeljohn@hotmail.com,"8059 Ortiz Burgs
South Marcus, AR 53763"
17,Dennis,Torres,Neurology,2632651078,meagan92@yahoo.com,"701 Elliott Spur
Mendozabury, RI 69486"
18,Charles,Brandt,General Surgery,8582336754,tanyahicks@hotmail.com,"0764 Rivers Run Apt. 243
Rickytown, AR 38952"
19,Anthony,Thomas,Oncology,2636105427,kelly21@mcclure.biz,"604 Baker Trail Suite 952
South Marissahaven, CA 58252"
20,Sandra,Mitchell,Pediatrics,2786323076,tholmes@yahoo.com,"984 Reynolds Stravenue
Lake Ronaldville, AZ 89016"
21,Rose,Thomas,Oncology,5442033091,mary06@sampson.com,"04408 Scott Curve
North Jackieberg, KS 65609"
22,Ryan,Johnson,Radiology,7490272832,stephensangela@yahoo.com,"127 Samuel Run
New Helen, AZ 50565"
23,Allen,Davis,Anesthesiology,6094009613,marcusstanley@yahoo.com,"345 Amy Forge
West Jessicamouth, NM 05526"
24,Deborah,Fernandez,Radiology,5860346288,diana70@king.com,"2598 Katie Orchard
Brightport, NV 17702"
25,Tim,Watts,Endocrinology,7033567969,christophergoodman@gmail.com,"590 Peggy Station
South Brandon, ND 57759"
26,Robert,Lloyd,Radiology,3572398397,wdurham@berry.biz,"729 Zachary Manor
Jacobtown, AR 35448"
27,Chelsea,Perry,Pediatrics,4448959669,nfox@gmail.com,"382 Robert Port
Ginashire, HI 31876"
28,Robert,Thomas,Cardiology,5647682833,mcdonaldderek@hotmail.com,"091 Jacob Lodge Apt. 566
Christianhaven, UT 53826"
29,Ashley,Harris,Anesthesiology,5422058548,grahamerica@hotmail.com,"14577 Roman Vista
Port Eric, IN 23632"
30,David,Rivas,Anesthesiology,6109069812,ymccoy@miller-rogers.com,"835 Darrell Station
Port Jose, WV 71805"
